1,3000 W 23rd Ave,Denver,CO,80211
4,1190 S Colorado Blvd,Denver,CO,80246
13,1147 N Broadway  103,Denver,CO,80203
24,7701 E 1st Pl C,Denver,CO,80230
37,2055 E Evans Ave,Denver,CO,80210
53,201 N University Blvd 108,Denver,CO,80206
56,1625 N Perry,Denver,CO,,
66,8286 E Northfield Blvd 1545,Denver,CO,80238
73,4780 N Yampa St,Denver,CO,80249
79,3100 N Inca St,Denver,CO,80202
87,4475 N Peoria St,Denver,CO,80239
94,505 E Colfax Ave,Denver,CO,80203
95,1905 S Federal Blvd,Denver,CO,80219
107,1919  19th St,Denver,CO,80202
115,2401  Blake St 102,Denver,CO,80205
124,3060 W Mississippi Ave,Denver,CO,80219
142,4330 E 48th Ave,Denver,CO,80216
150,7357 E 29th Ave,Denver,CO,80238
154,1099  18th St,Denver,CO,,
160,1818 E Colfax Ave,Denver,CO,80218
167,1611 N Raleigh,Denver,CO,,
182,4875 N Federal Blvd,Denver,CO,80221
190,1195 S Colorado Blvd,Denver,CO,80246
191,3743 N Federal Blvd,Denver,CO,80211
192,1300 S Broadway,Denver,CO,80210
203,5620 N Beeler,Denver,CO,,
204,2000 S Colorado  IV-103/104,Denver,CO,80222
205,1447 N Quince St,Denver,CO,80220
207,4116 E Colfax Ave,Denver,CO,80220
216,1502 W Alameda Ave,Denver,CO,80223
220,10101 E Hampden Ave 103,Denver,CO,80231
227,1710  Wynkoop St,Denver,CO,80202
230,4896 N Chambers Rd,Denver,CO,80239
241,439 S Federal Blvd,Denver,CO,80219
242,2055 E Evans Ave,Denver,CO,80210
257,201 E 6th Ave,Denver,CO,80203
263,6500 E Smith Rd,Denver,CO,80207
278,1490  Curtis,Denver,CO,,
280,3773 E Cherry Creek North Dr 175,Denver,CO,80209
298,1030 E 22nd Ave,Denver,CO,80205
301,99 S Broadway,Denver,CO,
306,1998 N Downing St,Denver,CO,80218
309,24 N Broadway,Denver,CO,80203
310,2819 E Colfax Ave,Denver,CO,80206
311,8900  Pena Blvd BC,Denver,CO,
312,1413  Larimer St,Denver,CO,80202
336,4084 E 8th,Denver,CO,,
339,3550 W 38th Ave,Denver,CO,80211
340,5625 N Beeler,Denver,CO,80238
345,1890 E Evans Ave,Denver,CO,80210
346,1603 E Bruce Randolph Ave,Denver,CO,80205
369,5305 E Colfax Ave B,Denver,CO,80220
379,3453 W 32nd Ave,Denver,CO,80211
399,200  16th St,Denver,CO,80202
410,6433 E Evans Ave,Denver,CO,80222
414,1205 N Federal Blvd,Denver,CO,80204
417,3910 W Colfax Ave,Denver,CO,80204
439,100 N Knox Ct,Denver,CO,80219
447,2110 S Broadway,Denver,CO,80210
458,2425 S Downing St,Denver,CO,80210
470,2449  Larimer St,Denver,CO,80205
479,321 E Colfax Ave,Denver,CO,80203
480,4020 N Chambers Rd,Denver,CO,80239
488,2000 S Colorado Blvd,Denver,CO,80222
492,2280 S Colorado Blvd,Denver,CO,80222
500,4000 N Tennyson St 100,Denver,CO,80212
517,4650 N Central Park B,Denver,CO,
521,4906 N Tower Rd 100,Denver,CO,80249
547,3550 W 38th Ave 80,Denver,CO,80211
550,4875 N Federal Blvd,Denver,CO,80221
566,925 E 17th Ave,Denver,CO,80218
573,4965 N Federal Blvd,Denver,CO,80221
592,1789 N Ogden St,Denver,CO,80218
593,5979 E Colfax,Denver,CO,,
597,18201  Green Valley Ranch Blvd,Denver,CO,80249
603,9135 E Northfield Blvd,Denver,CO,
610,4279 N Tennyson St,Denver,CO,80212
617,4020 W Colfax Ave,Denver,CO,80204
628,2023 S Colorado Blvd 103,Denver,CO,80222
652,6691 N Tower Rd,Denver,CO,80249
656,2055 E Evans Ave,Denver,CO,80210
662,3605  Walnut St,Denver,CO,80205
671,4275 N Tennyson St,Denver,CO,80212
